first_name,last_name,email,phone_number,account_number,currency,time_zone,age,gender,address,country
user1,last1,user1@example.com,0863372616,24875,dollar,-3,22,female,48 High St,Ireland
user2,last2,user2@example.com,0864968218,47949,pound,-8,84,female,56 Maple St,USA
user3,last3,user3@example.com,0864330255,53588,pound,-7,52,male,35 Maple St,UK
user4,last4,user4@example.com,0867306143,60518,dollar,3,28,female,91 Park St,USA
user5,last5,user5@example.com,0861623029,1711,dollar,-1,18,male,83 High St,Ireland
user6,last6,user6@example.com,0865278923,96280,dollar,-2,35,male,53 High St,USA
user7,last7,user7@example.com,0862252121,17469,pound,-6,55,male,66 Main St,UK
user8,last8,user8@example.com,0865219175,41464,pound,-5,70,female,37 Main St,Ireland
user9,last9,user9@example.com,0869331120,33484,pound,11,29,female,92 Main St,Ireland
user10,last10,user10@example.com,0862927566,68824,pound,9,44,female,79 Maple St,USA
user11,last11,user11@example.com,0866707642,50215,pound,-3,37,female,21 High St,Ireland
user12,last12,user12@example.com,0860093012,80478,euro,-6,91,male,45 Maple St,Ireland
user13,last13,user13@example.com,0867907027,89809,pound,5,78,female,26 High St,UK
user14,last14,user14@example.com,0866194938,43394,dollar,-1,20,female,96 Maple St,USA
user15,last15,user15@example.com,0866505914,11771,pound,3,22,female,77 Maple St,USA
user16,last16,user16@example.com,0860764347,37460,pound,-5,19,female,2 Park St,Ireland
user17,last17,user17@example.com,0862924000,49485,dollar,10,48,male,13 High St,Ireland
user18,last18,user18@example.com,0869506098,96959,dollar,-9,71,male,93 Park St,UK
user19,last19,user19@example.com,0865738195,2135,euro,7,60,female,55 High St,Ireland
user20,last20,user20@example.com,0862328598,27359,pound,0,69,male,26 Maple St,Ireland
user21,last21,user21@example.com,0862118847,16014,euro,-6,62,male,78 Maple St,Ireland
user22,last22,user22@example.com,0863998786,13076,pound,-2,30,male,5 Maple St,USA
user23,last23,user23@example.com,0868962889,12706,euro,-4,91,female,56 High St,USA
user24,last24,user24@example.com,0864413110,46038,euro,-12,45,male,17 Maple St,Ireland
user25,last25,user25@example.com,0865438234,90027,pound,4,91,male,8 Main St,Ireland
user26,last26,user26@example.com,0862265528,96170,pound,-6,48,female,7 Maple St,Ireland
user27,last27,user27@example.com,0867708259,68588,pound,-2,49,male,29 Park St,UK
user28,last28,user28@example.com,0861144239,86147,pound,3,77,female,53 High St,USA
user29,last29,user29@example.com,0864840609,48337,euro,1,22,male,64 Main St,Ireland
user30,last30,user30@example.com,0864276089,37462,euro,-8,75,male,0 Main St,UK
user31,last31,user31@example.com,0867716485,18558,pound,0,83,male,44 High St,UK
user32,last32,user32@example.com,0867755669,68037,euro,-9,55,male,68 Maple St,Ireland
user33,last33,user33@example.com,0869905231,48991,pound,2,59,female,17 Maple St,Ireland
user34,last34,user34@example.com,0869930562,19028,dollar,-10,38,male,62 Maple St,UK
user35,last35,user35@example.com,0864442888,81520,dollar,4,92,female,6 High St,USA
user36,last36,user36@example.com,0865253705,82758,euro,5,82,female,10 Park St,Ireland
user37,last37,user37@example.com,0864587290,85649,pound,10,44,male,38 Maple St,USA
user38,last38,user38@example.com,0860803413,58505,dollar,-3,96,male,56 Park St,USA
user39,last39,user39@example.com,0863933781,77874,pound,8,87,female,83 Park St,Ireland
user40,last40,user40@example.com,0861323405,84358,pound,-3,59,male,39 High St,Ireland
user41,last41,user41@example.com,0865739912,18250,euro,8,24,female,53 High St,USA
user42,last42,user42@example.com,0861461481,53674,dollar,-4,87,female,6 Maple St,USA
user43,last43,user43@example.com,0866394731,40593,dollar,10,82,male,93 Park St,Ireland
user44,last44,user44@example.com,0862625149,28823,dollar,-6,62,female,18 Main St,Ireland
user45,last45,user45@example.com,0861973152,40168,dollar,-7,24,male,64 Park St,USA
user46,last46,user46@example.com,0865297420,29178,pound,-1,86,female,28 High St,Ireland
user47,last47,user47@example.com,0862868391,89280,dollar,-10,88,female,11 Park St,USA
user48,last48,user48@example.com,0865480976,36023,pound,3,87,female,49 Main St,Ireland
user49,last49,user49@example.com,0866543129,40501,euro,3,62,female,72 Park St,Ireland
user50,last50,user50@example.com,0869313215,33936,euro,9,22,male,60 Main St,UK
user51,last51,user51@example.com,0864057572,38039,pound,-3,71,male,25 High St,UK
user52,last52,user52@example.com,0861452354,10543,euro,0,57,male,61 Maple St,Ireland
user53,last53,user53@example.com,0865720190,80158,pound,0,52,female,49 Park St,Ireland
user54,last54,user54@example.com,0863288829,82353,euro,1,61,male,22 Park St,UK
user55,last55,user55@example.com,0867899585,8095,pound,8,58,female,70 Maple St,UK
user56,last56,user56@example.com,0867383364,83247,euro,9,23,female,77 High St,USA
user57,last57,user57@example.com,0867562762,35915,euro,7,91,male,75 Park St,USA
user58,last58,user58@example.com,0863832470,62967,dollar,4,79,female,77 Maple St,UK
user59,last59,user59@example.com,0863446356,71789,pound,-7,30,male,20 Main St,USA
user60,last60,user60@example.com,0866320146,16374,dollar,-9,32,female,61 High St,USA
user61,last61,user61@example.com,0860198131,75379,pound,10,26,male,90 Maple St,UK
user62,last62,user62@example.com,0866306086,98979,dollar,6,84,female,14 Main St,UK
user63,last63,user63@example.com,0863383196,32924,pound,-2,28,female,54 Main St,USA
user64,last64,user64@example.com,0862340632,4113,dollar,1,83,male,21 High St,Ireland
user65,last65,user65@example.com,0867006406,52981,dollar,9,91,male,97 Main St,UK
user66,last66,user66@example.com,0861110028,90846,euro,-2,41,female,30 Park St,UK
user67,last67,user67@example.com,0868633533,45015,euro,8,18,male,64 Main St,Ireland
user68,last68,user68@example.com,0861297243,10924,dollar,-8,51,female,34 Maple St,Ireland
user69,last69,user69@example.com,0866362106,48387,euro,-2,97,male,18 Park St,USA
user70,last70,user70@example.com,0863940851,29439,dollar,4,84,female,91 Park St,Ireland
user71,last71,user71@example.com,0861110341,4760,euro,-5,44,female,98 High St,USA
user72,last72,user72@example.com,0864211555,80253,euro,11,65,female,30 High St,Ireland
user73,last73,user73@example.com,0862369366,60561,pound,0,97,male,49 Park St,Ireland
user74,last74,user74@example.com,0869025905,35897,dollar,-12,87,female,56 Main St,USA
user75,last75,user75@example.com,0861549669,8553,euro,-8,96,female,97 High St,UK
user76,last76,user76@example.com,0861694992,898,pound,-7,71,female,64 Main St,USA
user77,last77,user77@example.com,0863619567,24647,pound,-10,65,female,71 Maple St,Ireland
user78,last78,user78@example.com,0863159590,85170,dollar,-5,50,male,85 Park St,USA
user79,last79,user79@example.com,0867310147,62203,euro,-5,82,female,27 High St,USA
user80,last80,user80@example.com,0863603698,88464,euro,-1,18,female,49 High St,UK
user81,last81,user81@example.com,0866138475,90490,pound,-3,61,female,45 Main St,Ireland
user82,last82,user82@example.com,0862079577,81329,pound,-4,86,male,13 Maple St,Ireland
user83,last83,user83@example.com,0861515252,46322,dollar,6,37,male,94 Main St,USA
user84,last84,user84@example.com,0866897570,31680,pound,7,22,male,71 Maple St,Ireland
user85,last85,user85@example.com,0867807524,21397,dollar,3,89,female,57 Park St,Ireland
user86,last86,user86@example.com,0860826118,1836,pound,-7,56,female,20 Maple St,Ireland
user87,last87,user87@example.com,0869832579,17269,euro,2,77,female,53 Park St,UK
user88,last88,user88@example.com,0868161498,10220,pound,6,39,male,93 Main St,USA
user89,last89,user89@example.com,0863181096,965,dollar,10,69,female,87 High St,UK
user90,last90,user90@example.com,0860527197,2088,dollar,7,79,female,35 Park St,Ireland
user91,last91,user91@example.com,0868680658,64040,pound,-1,85,male,30 Main St,USA
user92,last92,user92@example.com,0868510516,31634,pound,10,75,female,29 Park St,USA
user93,last93,user93@example.com,0868791581,9288,pound,10,57,male,91 High St,UK
user94,last94,user94@example.com,0863991130,81071,pound,1,74,female,48 Maple St,UK
user95,last95,user95@example.com,0867447369,59485,euro,-9,35,male,7 High St,USA
user96,last96,user96@example.com,0860846510,96926,euro,-2,18,male,83 Main St,Ireland
user97,last97,user97@example.com,0869065235,32669,pound,-5,83,male,35 Park St,USA
user98,last98,user98@example.com,0866202370,23578,pound,-10,37,female,76 Main St,USA
user99,last99,user99@example.com,0862380215,99704,pound,-4,44,female,91 Park St,USA
user100,last100,user100@example.com,0867197378,97581,euro,1,24,male,28 Main St,UK
user101,last101,user101@example.com,0865055611,1211,pound,-9,72,female,55 Maple St,UK
user102,last102,user102@example.com,0862285841,32643,dollar,-8,61,male,30 Park St,Ireland
user103,last103,user103@example.com,0868528429,24202,euro,4,97,male,61 Park St,Ireland
user104,last104,user104@example.com,0863781758,62982,dollar,4,84,female,71 High St,Ireland
user105,last105,user105@example.com,0868583192,85814,dollar,-5,23,male,49 Park St,UK
user106,last106,user106@example.com,0861284877,19526,dollar,9,81,female,47 Park St,Ireland
user107,last107,user107@example.com,0869679982,69678,euro,3,49,male,25 Maple St,Ireland
user108,last108,user108@example.com,0868825740,44255,pound,3,65,male,5 Maple St,USA
user109,last109,user109@example.com,0869666769,60502,pound,-10,27,female,66 High St,UK
user110,last110,user110@example.com,0863091720,33120,dollar,11,55,male,2 High St,USA
user111,last111,user111@example.com,0868760142,67674,dollar,5,66,female,58 Maple St,Ireland
user112,last112,user112@example.com,0868122430,38210,euro,-9,26,female,90 Main St,USA
user113,last113,user113@example.com,0869141526,7207,dollar,-8,30,female,86 High St,UK
user114,last114,user114@example.com,0862972394,70770,pound,-11,51,male,60 Maple St,Ireland
user115,last115,user115@example.com,0861271497,4969,euro,5,65,male,34 High St,Ireland
user116,last116,user116@example.com,0863784045,79316,pound,-5,97,female,29 Main St,Ireland
user117,last117,user117@example.com,0862666479,22135,pound,-2,86,male,1 Main St,UK
user118,last118,user118@example.com,0866170125,25233,euro,-7,86,male,29 Main St,Ireland
user119,last119,user119@example.com,0865863240,10579,euro,-6,71,female,61 Park St,Ireland
user120,last120,user120@example.com,0860545322,94846,pound,8,62,male,62 Maple St,UK
user121,last121,user121@example.com,0864539514,47966,dollar,-5,46,male,24 Maple St,UK
user122,last122,user122@example.com,0863693830,60329,dollar,7,87,male,33 High St,USA
user123,last123,user123@example.com,0867689599,93041,euro,-5,91,female,43 Main St,USA
user124,last124,user124@example.com,0865374641,23793,dollar,-11,82,male,31 Park St,Ireland
user125,last125,user125@example.com,0868614124,26715,euro,-11,80,male,70 Maple St,UK
user126,last126,user126@example.com,0860724549,33684,euro,-2,44,male,42 Park St,UK
user127,last127,user127@example.com,0867453716,73387,euro,-12,74,male,77 Park St,UK
user128,last128,user128@example.com,0869485042,42314,pound,-10,51,female,0 Maple St,USA
user129,last129,user129@example.com,0868637384,4456,euro,-3,63,male,46 Maple St,Ireland
user130,last130,user130@example.com,0861334758,16614,dollar,10,25,female,63 Maple St,Ireland
user131,last131,user131@example.com,0867607909,31099,dollar,0,70,male,35 Park St,UK
user132,last132,user132@example.com,0864431579,73301,dollar,-3,88,male,83 Maple St,Ireland
user133,last133,user133@example.com,0860126147,1058,euro,5,69,male,16 High St,Ireland
user134,last134,user134@example.com,0861822069,30012,dollar,1,24,female,62 Main St,Ireland
user135,last135,user135@example.com,0864976211,25349,euro,9,64,female,1 Main St,UK
user136,last136,user136@example.com,0863239764,6409,pound,8,97,female,0 High St,USA
user137,last137,user137@example.com,0866083601,51106,pound,1,80,female,97 High St,Ireland
user138,last138,user138@example.com,0863652878,26143,dollar,-3,80,female,28 Maple St,USA
user139,last139,user139@example.com,0866022647,53970,euro,4,91,female,3 Maple St,USA
user140,last140,user140@example.com,0867318804,57122,dollar,-2,73,male,50 Park St,USA
user141,last141,user141@example.com,0862656957,88116,dollar,8,66,male,71 Maple St,USA
user142,last142,user142@example.com,0862849359,82436,euro,-7,90,female,85 Park St,USA
user143,last143,user143@example.com,0860707406,30065,euro,-8,58,female,65 Park St,Ireland
user144,last144,user144@example.com,0869103504,50639,pound,-4,33,male,20 High St,UK
user145,last145,user145@example.com,0869368399,98080,pound,10,48,female,46 Maple St,Ireland
user146,last146,user146@example.com,0864088074,20831,pound,-9,59,female,89 Main St,USA
user147,last147,user147@example.com,0865528969,26191,pound,-10,56,male,25 Maple St,USA
user148,last148,user148@example.com,0867335215,258,pound,-7,55,male,32 Park St,Ireland
user149,last149,user149@example.com,0865391649,32899,pound,5,78,male,11 High St,USA
user150,last150,user150@example.com,0866233272,39151,dollar,4,41,female,34 Park St,Ireland
user151,last151,user151@example.com,0867768569,27853,pound,-10,80,male,92 Main St,USA
user152,last152,user152@example.com,0868346748,52555,dollar,9,88,male,18 High St,USA
user153,last153,user153@example.com,0866456053,24874,pound,8,70,male,6 High St,Ireland
user154,last154,user154@example.com,0863311949,26584,dollar,5,81,male,4 Park St,Ireland
user155,last155,user155@example.com,0869933221,97048,euro,-7,90,female,40 Park St,USA
user156,last156,user156@example.com,0863736199,51798,pound,4,21,male,34 Main St,UK
user157,last157,user157@example.com,0860313330,57644,dollar,-5,93,female,18 High St,Ireland
user158,last158,user158@example.com,0866071310,95338,dollar,8,76,male,48 Maple St,USA
user159,last159,user159@example.com,0864642715,37653,dollar,6,93,female,15 Maple St,Ireland
user160,last160,user160@example.com,0860665027,5371,dollar,0,59,male,4 Maple St,USA
user161,last161,user161@example.com,0865332917,78683,euro,0,23,male,11 Main St,Ireland
user162,last162,user162@example.com,0865255882,6295,euro,-2,40,female,40 Maple St,UK
user163,last163,user163@example.com,0864631421,87074,dollar,9,84,male,84 Main St,USA
user164,last164,user164@example.com,0860976546,75530,dollar,4,90,male,5 High St,Ireland
user165,last165,user165@example.com,0863529033,79281,dollar,6,26,female,79 Main St,UK
user166,last166,user166@example.com,0864660567,19005,pound,-1,52,male,65 Maple St,USA
user167,last167,user167@example.com,0865763604,23741,pound,-10,76,female,49 Maple St,Ireland
user168,last168,user168@example.com,0866601777,57577,pound,6,23,female,11 Park St,USA
user169,last169,user169@example.com,0864229298,57696,dollar,-6,25,female,15 Park St,USA
user170,last170,user170@example.com,0868749401,63130,pound,-4,59,male,41 Park St,Ireland
user171,last171,user171@example.com,0863490997,77465,pound,3,50,female,28 Park St,Ireland
user172,last172,user172@example.com,0867810746,90172,dollar,8,66,male,48 Maple St,USA
user173,last173,user173@example.com,0864164681,28365,pound,-9,33,male,44 Maple St,UK
user174,last174,user174@example.com,0864181951,31513,euro,6,69,female,91 Park St,Ireland
user175,last175,user175@example.com,0865343480,16428,pound,-5,72,female,12 High St,USA
user176,last176,user176@example.com,0866884256,32314,euro,8,60,female,15 Park St,Ireland
user177,last177,user177@example.com,0865891205,77539,euro,1,61,female,16 Main St,Ireland
user178,last178,user178@example.com,0861226958,11612,pound,-1,88,male,97 Main St,USA
user179,last179,user179@example.com,0867368352,99429,euro,-1,54,female,37 Maple St,UK
user180,last180,user180@example.com,0867307651,78564,dollar,-3,86,female,7 Maple St,USA
user181,last181,user181@example.com,0868503638,29367,dollar,-8,77,male,44 Main St,USA
user182,last182,user182@example.com,0866482727,68427,dollar,1,91,female,68 Maple St,Ireland
user183,last183,user183@example.com,0863843068,77000,dollar,-1,79,female,84 High St,USA
user184,last184,user184@example.com,0865186729,23865,euro,9,45,male,2 Park St,Ireland
user185,last185,user185@example.com,0863258022,58326,pound,-2,89,male,25 Maple St,UK
user186,last186,user186@example.com,0860405610,69937,euro,-10,66,male,71 Main St,Ireland
user187,last187,user187@example.com,0860734704,44695,pound,5,49,female,67 Main St,UK
user188,last188,user188@example.com,0869760034,10540,pound,-11,46,male,11 High St,Ireland
user189,last189,user189@example.com,0866106789,89629,pound,-11,60,female,17 High St,Ireland
user190,last190,user190@example.com,0868698669,49456,dollar,-2,67,male,40 Main St,USA
user191,last191,user191@example.com,0865609834,69864,pound,-4,20,female,2 Main St,UK
user192,last192,user192@example.com,0860267083,70406,pound,-9,21,female,80 Main St,UK
user193,last193,user193@example.com,0860540869,91670,dollar,3,89,female,4 Maple St,UK
user194,last194,user194@example.com,0864268883,65460,dollar,9,49,female,21 Park St,Ireland
user195,last195,user195@example.com,0868217715,15255,pound,3,68,female,23 Maple St,UK
user196,last196,user196@example.com,0868339332,34846,dollar,-6,58,male,75 Main St,UK
user197,last197,user197@example.com,0860753958,30263,euro,-5,93,female,52 High St,UK
user198,last198,user198@example.com,0861774804,32229,euro,-2,73,male,14 Park St,USA
user199,last199,user199@example.com,0865191457,83809,dollar,1,21,male,3 Maple St,USA
user200,last200,user200@example.com,0860130434,9800,euro,-5,54,male,44 Park St,USA
user201,last201,user201@example.com,0866894796,141,dollar,-2,57,male,37 Main St,Ireland
user202,last202,user202@example.com,0868030283,77514,euro,-10,78,male,25 Park St,Ireland
user203,last203,user203@example.com,0867406865,16322,pound,-5,86,female,10 Park St,Ireland
user204,last204,user204@example.com,0863732196,31958,pound,-4,95,female,36 Maple St,USA
user205,last205,user205@example.com,0868424196,20092,pound,5,75,male,64 Maple St,USA
user206,last206,user206@example.com,0860527602,61783,pound,9,82,female,93 Park St,Ireland
user207,last207,user207@example.com,0868712528,64829,dollar,5,96,male,36 Park St,UK
user208,last208,user208@example.com,0860179550,28867,pound,0,83,male,41 Main St,USA
user209,last209,user209@example.com,0868688499,13439,euro,-2,21,male,10 Maple St,USA
user210,last210,user210@example.com,0860103495,8619,euro,3,35,male,67 High St,Ireland
user211,last211,user211@example.com,0869656367,5668,pound,7,63,male,60 Park St,UK
user212,last212,user212@example.com,0867032184,40900,euro,-6,42,female,77 Park St,Ireland
user213,last213,user213@example.com,0863954057,74603,euro,-11,25,male,84 Main St,Ireland
user214,last214,user214@example.com,0863654766,28146,dollar,-1,83,female,42 High St,USA
user215,last215,user215@example.com,0861439916,18315,pound,10,77,female,88 Main St,Ireland
user216,last216,user216@example.com,0862194601,30737,dollar,-10,47,female,0 High St,UK
user217,last217,user217@example.com,0860842548,84081,euro,9,65,male,94 High St,USA
user218,last218,user218@example.com,0869656795,45925,euro,-7,77,male,93 Park St,Ireland
user219,last219,user219@example.com,0864701465,11700,pound,2,88,male,29 Main St,USA
user220,last220,user220@example.com,0867649279,7267,pound,-3,75,female,14 Maple St,Ireland
user221,last221,user221@example.com,0867483081,76840,dollar,-3,80,male,3 Maple St,Ireland
user222,last222,user222@example.com,0864902558,11530,dollar,-5,82,male,9 Main St,UK
user223,last223,user223@example.com,0863462505,57275,pound,2,77,female,25 Maple St,USA
user224,last224,user224@example.com,0867743666,1912,euro,8,28,female,86 High St,USA
user225,last225,user225@example.com,0864635251,70406,euro,-6,96,female,33 High St,UK
user226,last226,user226@example.com,0862440716,69707,dollar,-3,29,female,70 Park St,Ireland
user227,last227,user227@example.com,0866034575,59101,dollar,-11,75,female,36 Park St,UK
user228,last228,user228@example.com,0860655357,6236,pound,-6,32,female,67 Park St,UK
user229,last229,user229@example.com,0861264440,91347,pound,-11,40,male,3 Main St,USA
user230,last230,user230@example.com,0867416971,15670,pound,-7,55,male,54 Maple St,USA
user231,last231,user231@example.com,0860843601,82655,dollar,5,56,male,28 High St,USA
user232,last232,user232@example.com,0865977789,426,euro,10,86,female,70 High St,UK
user233,last233,user233@example.com,0861305017,47171,pound,-1,95,female,65 Maple St,Ireland
user234,last234,user234@example.com,0865677282,96881,dollar,11,36,female,78 Maple St,Ireland
user235,last235,user235@example.com,0866476488,97700,pound,9,95,female,11 Main St,Ireland
user236,last236,user236@example.com,0861570026,37661,pound,-12,38,female,84 Maple St,Ireland
user237,last237,user237@example.com,0866814667,53761,pound,7,54,female,42 Main St,USA
user238,last238,user238@example.com,0861685175,8813,pound,8,57,male,42 Park St,Ireland
user239,last239,user239@example.com,0865042742,27797,euro,-10,66,male,41 Park St,USA
user240,last240,user240@example.com,0860625550,15486,dollar,-4,75,female,38 Park St,Ireland
user241,last241,user241@example.com,0869056124,1340,pound,10,58,female,44 High St,UK
user242,last242,user242@example.com,0867817095,88998,dollar,-8,48,female,90 Main St,USA
user243,last243,user243@example.com,0867816774,30304,dollar,-7,69,female,91 Maple St,UK
user244,last244,user244@example.com,0862344239,33069,pound,11,97,female,34 Maple St,USA
user245,last245,user245@example.com,0866570896,80572,euro,11,57,female,80 High St,Ireland
user246,last246,user246@example.com,0865289546,10595,pound,2,61,male,86 High St,USA
user247,last247,user247@example.com,0863291639,39317,euro,-8,45,female,63 Main St,UK
user248,last248,user248@example.com,0866078401,6250,dollar,-9,39,male,49 Maple St,USA
user249,last249,user249@example.com,0866872694,65325,dollar,1,50,female,42 Main St,UK
user250,last250,user250@example.com,0864932390,85861,euro,-4,46,female,20 Maple St,USA
user251,last251,user251@example.com,0861542639,45963,pound,-6,97,female,36 Park St,UK
user252,last252,user252@example.com,0860106805,60998,pound,3,90,female,48 Maple St,Ireland
user253,last253,user253@example.com,0861315647,50022,pound,-6,35,female,81 High St,UK
user254,last254,user254@example.com,0863055606,26349,pound,-4,35,male,90 Maple St,Ireland
user255,last255,user255@example.com,0863770440,57492,euro,0,97,female,18 Main St,UK
user256,last256,user256@example.com,0863661945,46964,dollar,-7,80,male,34 Main St,UK
user257,last257,user257@example.com,0860194829,70799,dollar,1,35,male,75 Park St,UK
user258,last258,user258@example.com,0867443177,81670,euro,-5,50,male,15 Main St,USA
user259,last259,user259@example.com,0861774595,5610,dollar,0,45,male,86 High St,UK
user260,last260,user260@example.com,0866077648,32943,euro,-7,92,male,6 Park St,Ireland
user261,last261,user261@example.com,0868000384,45859,euro,-9,67,female,44 Maple St,USA
user262,last262,user262@example.com,0867601012,97730,pound,-6,30,female,47 Maple St,UK
user263,last263,user263@example.com,0867311898,87942,dollar,-2,67,female,22 Park St,USA
user264,last264,user264@example.com,0861444815,15451,pound,2,92,male,61 Main St,UK
user265,last265,user265@example.com,0869522311,11207,pound,11,22,female,7 Main St,USA
user266,last266,user266@example.com,0860565615,40123,euro,-2,62,female,63 Maple St,UK
user267,last267,user267@example.com,0861143824,57762,dollar,11,61,male,16 Main St,Ireland
user268,last268,user268@example.com,0868016519,97312,dollar,6,30,male,35 Maple St,USA
user269,last269,user269@example.com,0866977521,89284,pound,10,80,male,23 Main St,Ireland
user270,last270,user270@example.com,0861273864,92253,euro,11,90,male,19 High St,UK
user271,last271,user271@example.com,0862912713,68020,pound,-9,25,female,82 Park St,UK
user272,last272,user272@example.com,0869721732,27845,dollar,8,20,female,82 Main St,Ireland
user273,last273,user273@example.com,0860940552,37819,euro,-5,80,male,73 High St,Ireland
user274,last274,user274@example.com,0865936030,78377,pound,-11,91,female,49 Park St,Ireland
user275,last275,user275@example.com,0865576201,76878,euro,-5,80,male,71 Maple St,USA
user276,last276,user276@example.com,0868029027,60416,pound,9,36,female,1 Park St,USA
user277,last277,user277@example.com,0865669474,97676,dollar,11,53,female,46 Maple St,USA
user278,last278,user278@example.com,0866711475,69990,euro,10,58,female,66 Main St,Ireland
user279,last279,user279@example.com,0862619055,82767,pound,-6,38,female,72 High St,UK
user280,last280,user280@example.com,0869789334,77144,dollar,3,41,male,46 Park St,USA
user281,last281,user281@example.com,0867268512,4085,pound,-6,55,male,56 Maple St,UK
user282,last282,user282@example.com,0863833626,27128,euro,3,56,female,92 Main St,UK
user283,last283,user283@example.com,0861294936,56991,pound,7,47,female,70 High St,Ireland
user284,last284,user284@example.com,0867104703,75760,euro,6,80,male,15 Park St,UK
user285,last285,user285@example.com,0863358797,63612,dollar,6,38,female,9 Main St,Ireland
user286,last286,user286@example.com,0867839308,41593,euro,2,61,male,47 Maple St,UK
user287,last287,user287@example.com,0869426138,35549,euro,-4,77,male,45 Main St,UK
user288,last288,user288@example.com,0864969976,40627,euro,-2,31,male,39 Park St,UK
user289,last289,user289@example.com,0864743615,33110,dollar,-12,92,male,41 Main St,Ireland
user290,last290,user290@example.com,0867603399,48055,euro,-9,67,female,7 Main St,USA
user291,last291,user291@example.com,0863707789,68881,dollar,6,72,female,87 Maple St,Ireland
user292,last292,user292@example.com,0869094585,37416,pound,0,38,male,91 Maple St,USA
user293,last293,user293@example.com,0869959690,46676,euro,4,51,male,87 High St,Ireland
user294,last294,user294@example.com,0862228876,65127,dollar,-10,79,female,80 Main St,Ireland
user295,last295,user295@example.com,0869092003,24282,pound,-12,26,female,58 Main St,USA
user296,last296,user296@example.com,0868860045,30880,pound,3,69,female,59 Park St,UK
user297,last297,user297@example.com,0866268114,30780,euro,-7,94,male,51 Main St,USA
user298,last298,user298@example.com,0860924339,88885,euro,10,96,male,49 High St,Ireland
user299,last299,user299@example.com,0866846324,98335,dollar,5,55,male,54 High St,UK
user300,last300,user300@example.com,0868043814,44190,pound,3,57,female,60 Park St,UK
user301,last301,user301@example.com,0866080031,96989,pound,-5,65,female,62 Park St,Ireland
user302,last302,user302@example.com,0863941781,75351,dollar,-2,69,female,26 Maple St,USA
user303,last303,user303@example.com,0866378015,46428,dollar,-12,22,male,37 Main St,Ireland
user304,last304,user304@example.com,0865804456,70881,dollar,-4,30,female,36 Park St,UK
user305,last305,user305@example.com,0869089028,38778,dollar,-4,20,male,41 Park St,Ireland
user306,last306,user306@example.com,0864560478,7253,euro,-1,71,female,64 Main St,Ireland
user307,last307,user307@example.com,0863367802,71559,pound,4,80,female,5 Maple St,Ireland
user308,last308,user308@example.com,0869617829,38816,euro,-9,91,female,16 Park St,UK
user309,last309,user309@example.com,0868681037,58344,dollar,-9,31,male,9 Maple St,Ireland
user310,last310,user310@example.com,0860430237,9013,dollar,5,22,female,43 High St,USA
user311,last311,user311@example.com,0865739069,52440,euro,2,71,male,17 Maple St,UK
user312,last312,user312@example.com,0868253811,20816,euro,-2,29,male,24 Park St,Ireland
user313,last313,user313@example.com,0867417210,63397,dollar,-12,94,female,33 High St,USA
user314,last314,user314@example.com,0864590832,20451,euro,-7,76,male,59 High St,USA
user315,last315,user315@example.com,0862997673,5219,dollar,4,94,male,88 Park St,UK
user316,last316,user316@example.com,0863783961,61585,euro,2,19,female,47 High St,Ireland
user317,last317,user317@example.com,0861885850,78979,euro,6,74,female,61 Maple St,USA
user318,last318,user318@example.com,0863423556,34686,euro,4,95,female,69 Park St,Ireland
user319,last319,user319@example.com,0867441219,62987,euro,-7,76,female,28 Maple St,USA
user320,last320,user320@example.com,0863754456,11019,euro,-7,22,male,14 Park St,Ireland
user321,last321,user321@example.com,0869159708,5006,euro,-1,19,male,40 Maple St,USA
user322,last322,user322@example.com,0864699778,94374,euro,-2,94,female,79 High St,UK
user323,last323,user323@example.com,0861638755,29392,dollar,11,18,male,8 Main St,UK
user324,last324,user324@example.com,0863262475,38599,pound,8,82,male,43 Main St,USA
user325,last325,user325@example.com,0867649592,58219,euro,-3,19,male,73 Main St,UK
user326,last326,user326@example.com,0869049264,92356,euro,-3,43,female,86 High St,UK
user327,last327,user327@example.com,0866166506,90262,euro,0,51,male,89 High St,Ireland
user328,last328,user328@example.com,0860006463,9551,euro,-12,78,female,17 Main St,USA
user329,last329,user329@example.com,0862800148,93153,dollar,-10,80,male,78 Park St,UK
user330,last330,user330@example.com,0867773762,48375,pound,2,51,male,65 Maple St,USA
user331,last331,user331@example.com,0866288352,21694,euro,10,82,male,20 Park St,USA
user332,last332,user332@example.com,0860930263,38031,dollar,10,47,female,1 Main St,USA
user333,last333,user333@example.com,0864668325,16520,euro,-2,46,male,34 Park St,UK
user334,last334,user334@example.com,0861516009,21014,pound,4,72,male,17 Main St,UK
user335,last335,user335@example.com,0866408491,91762,euro,-10,23,male,77 Maple St,USA
user336,last336,user336@example.com,0866572228,28063,dollar,10,37,female,37 Park St,Ireland
user337,last337,user337@example.com,0861466422,60588,pound,7,75,female,13 Maple St,USA
user338,last338,user338@example.com,0862384514,29159,pound,3,27,male,67 Park St,UK
user339,last339,user339@example.com,0868430495,73468,pound,10,40,male,44 Maple St,UK
user340,last340,user340@example.com,0868545538,397,dollar,-12,80,male,39 Main St,USA
user341,last341,user341@example.com,0864204309,74765,dollar,9,46,female,78 High St,Ireland
user342,last342,user342@example.com,0867486200,54993,euro,-12,48,male,11 Main St,USA
user343,last343,user343@example.com,0866488366,17000,pound,-4,52,female,85 Park St,USA
user344,last344,user344@example.com,0863773159,10721,pound,10,43,male,4 Maple St,UK
user345,last345,user345@example.com,0866048580,99565,euro,-11,31,female,92 Main St,Ireland
user346,last346,user346@example.com,0868726053,67188,pound,-2,70,male,67 Maple St,UK
user347,last347,user347@example.com,0864920407,77748,euro,1,53,female,43 Park St,Ireland
user348,last348,user348@example.com,0868373601,16899,euro,-5,84,female,88 Maple St,Ireland
user349,last349,user349@example.com,0862091328,37455,dollar,8,68,female,74 Maple St,USA
user350,last350,user350@example.com,0863086297,85570,dollar,6,75,male,81 High St,UK
user351,last351,user351@example.com,0860375128,42166,pound,0,82,female,46 Park St,USA
user352,last352,user352@example.com,0868155692,9888,dollar,5,90,male,57 Main St,Ireland
user353,last353,user353@example.com,0864441214,78891,pound,-1,45,male,7 Maple St,UK
user354,last354,user354@example.com,0868541699,8257,dollar,10,29,female,79 Main St,UK
user355,last355,user355@example.com,0860246991,13656,euro,11,79,female,53 High St,Ireland
user356,last356,user356@example.com,0869432869,31759,pound,11,84,female,85 Main St,USA
user357,last357,user357@example.com,0867007993,81068,pound,-4,19,female,89 High St,Ireland
user358,last358,user358@example.com,0866648033,86760,pound,-9,52,male,62 Maple St,USA
user359,last359,user359@example.com,0869675194,22319,euro,0,42,female,16 Main St,UK
user360,last360,user360@example.com,0864539795,18879,pound,-9,61,female,61 Maple St,UK
user361,last361,user361@example.com,0860172456,36661,euro,-12,40,female,31 Park St,UK
user362,last362,user362@example.com,0860418937,59207,pound,-8,30,female,48 Park St,USA
user363,last363,user363@example.com,0862195505,89554,euro,0,75,male,42 Park St,Ireland
user364,last364,user364@example.com,0867893096,77102,pound,-2,41,female,8 Maple St,Ireland
user365,last365,user365@example.com,0860430050,85562,euro,5,61,male,53 Main St,Ireland
user366,last366,user366@example.com,0867326124,49405,euro,-8,26,female,52 Park St,USA
user367,last367,user367@example.com,0862863272,31877,euro,0,47,female,2 Park St,Ireland
user368,last368,user368@example.com,0865705796,88624,dollar,3,50,female,72 Park St,USA
user369,last369,user369@example.com,0862383163,54798,pound,9,68,female,32 Maple St,Ireland
user370,last370,user370@example.com,0860938311,19316,euro,2,31,male,57 Main St,UK
user371,last371,user371@example.com,0869595570,68510,euro,3,80,female,68 High St,Ireland
user372,last372,user372@example.com,0860169606,63155,euro,-3,72,female,94 Park St,USA
user373,last373,user373@example.com,0867593017,11319,pound,5,89,male,5 Park St,UK
user374,last374,user374@example.com,0868364125,31763,euro,10,18,female,18 Main St,UK
user375,last375,user375@example.com,0869264537,62563,pound,-1,42,male,42 Maple St,Ireland
user376,last376,user376@example.com,0867925442,84840,pound,-9,97,male,71 High St,UK
user377,last377,user377@example.com,0869721178,16504,pound,-10,27,female,31 Park St,Ireland
user378,last378,user378@example.com,0865697613,4778,dollar,-4,74,male,89 Main St,USA
user379,last379,user379@example.com,0869443641,49076,euro,0,31,male,24 Main St,UK
user380,last380,user380@example.com,0866900315,91117,pound,9,80,male,62 High St,USA
user381,last381,user381@example.com,0867751568,45720,euro,-6,69,male,70 Park St,UK
user382,last382,user382@example.com,0863131585,37079,pound,6,21,female,56 Maple St,UK
user383,last383,user383@example.com,0860655462,25291,euro,11,55,male,94 Park St,UK
user384,last384,user384@example.com,0861291794,37883,dollar,0,76,male,36 High St,Ireland
user385,last385,user385@example.com,0865519985,84623,pound,-9,52,male,81 Park St,USA
user386,last386,user386@example.com,0865310585,11862,euro,0,44,female,25 High St,Ireland
user387,last387,user387@example.com,0863750364,11373,euro,-8,56,male,54 Maple St,UK
user388,last388,user388@example.com,0861601237,14665,dollar,7,73,female,40 High St,UK
user389,last389,user389@example.com,0860811000,98012,euro,-12,36,male,24 Park St,USA
user390,last390,user390@example.com,0869304338,47754,dollar,-7,19,male,94 Park St,Ireland
user391,last391,user391@example.com,0863061404,70207,pound,7,55,female,57 Park St,Ireland
user392,last392,user392@example.com,0867548318,49631,euro,-7,44,female,13 High St,Ireland
user393,last393,user393@example.com,0864773053,40279,euro,9,39,male,7 Main St,UK
user394,last394,user394@example.com,0862379581,45629,dollar,-9,45,female,74 Maple St,USA
user395,last395,user395@example.com,0868346560,1492,euro,-4,34,female,21 Maple St,USA
user396,last396,user396@example.com,0862023469,7189,dollar,10,64,male,19 Main St,Ireland
user397,last397,user397@example.com,0869487530,53603,pound,3,85,male,19 Main St,UK
user398,last398,user398@example.com,0862660851,28288,euro,4,87,male,1 High St,Ireland
user399,last399,user399@example.com,0866329747,35169,dollar,-7,61,female,68 Maple St,USA
user400,last400,user400@example.com,0868901531,74855,dollar,-10,47,female,34 Main St,USA
user401,last401,user401@example.com,0867148304,33574,euro,-12,50,male,56 Park St,Ireland
user402,last402,user402@example.com,0865070898,77239,pound,7,86,female,82 High St,USA
user403,last403,user403@example.com,0860050895,3379,euro,10,21,male,73 High St,USA
user404,last404,user404@example.com,0869639565,18994,dollar,4,69,male,86 Park St,Ireland
user405,last405,user405@example.com,0862087126,29493,pound,-10,42,male,43 Park St,USA
user406,last406,user406@example.com,0869370322,58446,euro,-8,85,female,37 Main St,USA
user407,last407,user407@example.com,0864879930,61112,dollar,0,64,female,88 High St,Ireland
user408,last408,user408@example.com,0869398774,34974,pound,-6,60,male,87 Maple St,Ireland
user409,last409,user409@example.com,0860159509,64137,dollar,8,62,female,74 Maple St,UK
user410,last410,user410@example.com,0860942726,1530,euro,-10,79,male,11 Main St,UK
user411,last411,user411@example.com,0862688886,71575,pound,-1,48,female,30 Park St,USA
user412,last412,user412@example.com,0863817623,59230,dollar,-12,79,female,11 Park St,USA
user413,last413,user413@example.com,0868621438,75842,euro,-4,68,female,63 Main St,Ireland
user414,last414,user414@example.com,0863715820,12234,dollar,-11,87,female,52 Park St,UK
user415,last415,user415@example.com,0865111422,68707,euro,-5,87,female,60 Park St,USA
user416,last416,user416@example.com,0863790555,86339,dollar,4,19,female,50 Park St,USA
user417,last417,user417@example.com,0861568461,21986,pound,-4,42,male,2 Maple St,Ireland
user418,last418,user418@example.com,0868038158,56310,dollar,-12,73,female,72 High St,Ireland
user419,last419,user419@example.com,0865073711,15391,pound,-9,65,female,79 Park St,USA
user420,last420,user420@example.com,0866162545,98335,euro,9,81,male,59 Main St,USA
user421,last421,user421@example.com,0864267787,77217,dollar,-9,23,female,98 Main St,Ireland
user422,last422,user422@example.com,0868878619,89871,pound,-2,58,female,8 Main St,USA
user423,last423,user423@example.com,0865978410,78208,pound,9,92,female,11 Park St,UK
user424,last424,user424@example.com,0867696531,32250,dollar,-11,24,male,84 Maple St,Ireland
user425,last425,user425@example.com,0868516005,45981,dollar,-1,18,male,63 Maple St,UK
user426,last426,user426@example.com,0868670332,59012,pound,5,87,male,59 Main St,Ireland
user427,last427,user427@example.com,0869934311,6980,dollar,-11,78,female,7 Main St,UK
user428,last428,user428@example.com,0860739130,98847,pound,4,30,female,35 Maple St,UK
user429,last429,user429@example.com,0863010664,47983,euro,5,44,male,98 Main St,Ireland
user430,last430,user430@example.com,0868177877,77006,dollar,11,58,female,88 Main St,USA
user431,last431,user431@example.com,0867664787,93922,euro,7,61,male,21 Maple St,Ireland
user432,last432,user432@example.com,0867749445,67333,euro,-2,61,female,2 Main St,UK
user433,last433,user433@example.com,0865505678,23871,pound,4,51,male,32 Park St,UK
user434,last434,user434@example.com,0863435058,59418,dollar,7,42,male,78 Park St,Ireland
user435,last435,user435@example.com,0863782884,23986,euro,-7,89,male,61 Park St,UK
user436,last436,user436@example.com,0863063110,46394,pound,-3,69,female,55 High St,UK
user437,last437,user437@example.com,0862693963,8876,euro,3,72,male,0 Main St,UK
user438,last438,user438@example.com,0868918259,31677,euro,8,94,female,57 Main St,UK
user439,last439,user439@example.com,0869197109,42226,dollar,-12,28,male,80 Main St,UK
user440,last440,user440@example.com,0867519369,77286,dollar,-2,81,female,32 Maple St,UK
user441,last441,user441@example.com,0866799107,95877,euro,-10,53,male,15 High St,UK
user442,last442,user442@example.com,0864776491,38927,pound,2,90,female,68 Main St,USA
user443,last443,user443@example.com,0863511137,13763,euro,-6,43,male,14 High St,USA
user444,last444,user444@example.com,0869758607,41276,dollar,7,64,male,6 Maple St,Ireland
user445,last445,user445@example.com,0863109561,26588,euro,5,58,male,70 Park St,USA
user446,last446,user446@example.com,0865947076,68280,pound,4,39,male,1 Park St,Ireland
user447,last447,user447@example.com,0862522729,83093,euro,4,54,male,90 Park St,UK
user448,last448,user448@example.com,0865736658,76172,dollar,10,52,female,84 High St,USA
user449,last449,user449@example.com,0860983033,70656,pound,9,41,male,10 High St,UK
user450,last450,user450@example.com,0865834086,124,dollar,3,90,male,30 Main St,Ireland
user451,last451,user451@example.com,0867933516,28148,dollar,7,29,male,64 High St,UK
user452,last452,user452@example.com,0860308707,6135,pound,9,61,male,37 Maple St,UK
user453,last453,user453@example.com,0863853102,63194,dollar,3,23,male,20 Main St,Ireland
user454,last454,user454@example.com,0862351864,8109,pound,9,53,female,90 Main St,UK
user455,last455,user455@example.com,0863260318,84414,pound,-1,52,male,58 Park St,Ireland
user456,last456,user456@example.com,0865302753,41702,dollar,11,86,male,2 Park St,USA
user457,last457,user457@example.com,0861285782,44278,euro,0,18,female,3 Park St,Ireland
user458,last458,user458@example.com,0866251214,47390,pound,-6,48,female,59 Park St,USA
user459,last459,user459@example.com,0865672884,87158,dollar,0,48,male,57 High St,UK
user460,last460,user460@example.com,0861942917,39828,euro,-2,41,male,77 Maple St,Ireland
user461,last461,user461@example.com,0867515338,16497,euro,1,21,male,83 Park St,Ireland
user462,last462,user462@example.com,0863167185,29262,dollar,7,77,male,16 High St,Ireland
user463,last463,user463@example.com,0867260967,43831,euro,-5,57,male,91 High St,Ireland
user464,last464,user464@example.com,0869408677,42873,pound,-7,57,female,20 Park St,USA
user465,last465,user465@example.com,0868177207,2329,pound,-1,71,male,43 Main St,UK
user466,last466,user466@example.com,0864564300,76388,dollar,0,83,female,91 Park St,USA
user467,last467,user467@example.com,0866266112,20983,euro,6,82,male,63 Park St,Ireland
user468,last468,user468@example.com,0867416169,65141,pound,1,19,male,64 Maple St,USA
user469,last469,user469@example.com,0867182819,57968,euro,3,81,male,96 Maple St,UK
user470,last470,user470@example.com,0866649773,34746,euro,-2,90,male,86 Maple St,USA
user471,last471,user471@example.com,0862594774,35335,dollar,1,62,male,79 Maple St,Ireland
user472,last472,user472@example.com,0860604021,39145,euro,9,86,female,55 Park St,UK
user473,last473,user473@example.com,0864880913,10406,pound,5,42,female,72 Park St,UK
user474,last474,user474@example.com,0863557520,63873,euro,-3,28,female,99 High St,USA
user475,last475,user475@example.com,0864914572,10750,dollar,3,53,female,96 High St,UK
user476,last476,user476@example.com,0860404776,43407,dollar,1,85,male,39 High St,Ireland
user477,last477,user477@example.com,0865396158,19747,euro,10,85,female,84 Main St,USA
user478,last478,user478@example.com,0864568516,17520,euro,-8,62,female,57 Park St,USA
user479,last479,user479@example.com,0862967142,56960,dollar,-10,72,male,52 High St,USA
user480,last480,user480@example.com,0867617446,22158,pound,-6,32,female,33 Maple St,Ireland
user481,last481,user481@example.com,0864150093,33123,dollar,-11,94,male,47 Main St,USA
user482,last482,user482@example.com,0868656222,90276,dollar,0,47,male,88 Maple St,Ireland
user483,last483,user483@example.com,0866570778,76238,pound,-2,97,female,86 High St,USA
user484,last484,user484@example.com,0869541205,11376,euro,11,83,female,81 Maple St,UK
user485,last485,user485@example.com,0865510912,93608,dollar,-8,49,female,20 Main St,USA
user486,last486,user486@example.com,0863469815,33545,pound,11,66,male,77 Maple St,UK
user487,last487,user487@example.com,0867460107,17488,pound,0,68,male,38 High St,Ireland
user488,last488,user488@example.com,0861574993,5920,euro,-8,34,male,96 Main St,Ireland
user489,last489,user489@example.com,0861317489,41156,pound,-9,79,female,68 High St,Ireland
user490,last490,user490@example.com,0864549652,9891,dollar,-12,76,male,78 Maple St,Ireland
user491,last491,user491@example.com,0865742553,34873,euro,0,60,male,43 Main St,Ireland
user492,last492,user492@example.com,0862584268,55844,euro,1,74,male,21 Main St,UK
user493,last493,user493@example.com,0863113557,6877,euro,-3,48,female,75 Maple St,USA
user494,last494,user494@example.com,0864683246,91246,dollar,4,94,male,76 Main St,USA
user495,last495,user495@example.com,0860909830,54274,pound,-8,83,male,52 Park St,Ireland
user496,last496,user496@example.com,0860013078,64367,euro,-5,20,male,40 High St,UK
user497,last497,user497@example.com,0865613265,73157,euro,4,36,male,62 High St,USA
user498,last498,user498@example.com,0869834831,81807,dollar,11,48,female,95 Park St,USA
user499,last499,user499@example.com,0868998305,69649,dollar,-4,74,male,48 Main St,USA
user500,last500,user500@example.com,0861088179,79219,euro,-12,19,female,59 Main St,USA
user501,last501,user501@example.com,0865915803,58564,dollar,7,60,female,38 Maple St,USA
user502,last502,user502@example.com,0869516458,44986,dollar,2,75,female,73 Main St,UK
user503,last503,user503@example.com,0863194935,1169,pound,0,73,female,38 Maple St,USA
user504,last504,user504@example.com,0862353477,21902,dollar,-4,49,male,89 Main St,Ireland
user505,last505,user505@example.com,0863784573,42359,pound,-8,50,female,51 Maple St,UK
user506,last506,user506@example.com,0861624740,87230,euro,8,37,female,45 Main St,Ireland
user507,last507,user507@example.com,0860177297,26832,euro,-3,96,male,89 Maple St,USA
user508,last508,user508@example.com,0860169899,11347,dollar,2,35,male,98 Main St,USA
user509,last509,user509@example.com,0869388013,16012,pound,11,66,male,26 Maple St,UK
user510,last510,user510@example.com,0860569898,48618,euro,9,85,female,46 Main St,Ireland
user511,last511,user511@example.com,0865027812,6791,dollar,-10,34,male,31 Maple St,USA
user512,last512,user512@example.com,0864370288,94977,dollar,8,78,male,71 Park St,Ireland
user513,last513,user513@example.com,0869979037,92869,euro,9,89,female,45 High St,Ireland
user514,last514,user514@example.com,0864580147,27996,dollar,9,47,male,1 High St,UK
user515,last515,user515@example.com,0864321702,94516,dollar,-2,47,female,30 Maple St,USA
user516,last516,user516@example.com,0865330428,17890,pound,11,41,male,97 High St,USA
user517,last517,user517@example.com,0861281550,86595,dollar,3,77,female,47 High St,USA
user518,last518,user518@example.com,0863837083,94571,pound,10,58,male,18 Maple St,USA
user519,last519,user519@example.com,0865478877,5433,euro,-11,81,female,50 Park St,USA
user520,last520,user520@example.com,0862032289,30359,dollar,-10,57,female,77 Maple St,UK
user521,last521,user521@example.com,0860128504,82877,euro,-2,89,male,95 Park St,UK
user522,last522,user522@example.com,0860187889,20808,euro,2,24,male,23 Maple St,USA
user523,last523,user523@example.com,0865179950,77523,euro,-11,78,female,0 Main St,UK
user524,last524,user524@example.com,0861367884,86108,euro,0,58,female,56 Park St,UK
user525,last525,user525@example.com,0862299417,75674,euro,1,37,male,15 Main St,USA
user526,last526,user526@example.com,0868242067,56445,dollar,1,72,female,89 Main St,USA
user527,last527,user527@example.com,0860657263,14467,pound,3,69,male,2 Park St,USA
user528,last528,user528@example.com,0867620207,56385,euro,-12,58,male,37 Maple St,USA
user529,last529,user529@example.com,0868502201,35718,dollar,-3,74,female,57 Main St,UK
user530,last530,user530@example.com,0862884738,50681,dollar,7,35,female,38 High St,UK
user531,last531,user531@example.com,0866418902,58363,pound,-4,23,male,83 Park St,Ireland
user532,last532,user532@example.com,0866782532,65735,euro,-10,91,female,94 Maple St,Ireland
user533,last533,user533@example.com,0864964663,10103,dollar,-4,53,male,43 Park St,Ireland
user534,last534,user534@example.com,0860486206,88525,euro,9,90,male,11 High St,Ireland
user535,last535,user535@example.com,0860227105,13228,euro,-11,63,male,0 High St,UK
user536,last536,user536@example.com,0863249163,4519,pound,11,39,male,92 Main St,UK
user537,last537,user537@example.com,0867391861,55084,euro,-1,70,female,75 Maple St,Ireland
user538,last538,user538@example.com,0869325745,55177,pound,-11,83,female,78 Main St,USA
user539,last539,user539@example.com,0860471093,38435,euro,-10,20,male,65 High St,Ireland
user540,last540,user540@example.com,0863632781,18399,pound,9,37,male,65 Park St,UK
user541,last541,user541@example.com,0869904501,5646,euro,8,56,male,13 Maple St,USA
user542,last542,user542@example.com,0862974215,7225,euro,1,22,male,54 Main St,UK
user543,last543,user543@example.com,0869329060,61267,euro,-5,69,female,56 Main St,Ireland
user544,last544,user544@example.com,0861339539,94886,dollar,8,72,male,33 Maple St,UK
user545,last545,user545@example.com,0867586797,64766,dollar,-7,73,male,96 Park St,USA
user546,last546,user546@example.com,0862127492,37842,pound,10,42,male,81 Main St,UK
user547,last547,user547@example.com,0867090904,56520,dollar,-6,83,female,17 Park St,USA
user548,last548,user548@example.com,0865338298,76079,euro,-12,95,male,41 Park St,USA
user549,last549,user549@example.com,0866098182,40654,euro,-10,39,female,31 High St,UK
user550,last550,user550@example.com,0864864124,60390,euro,8,81,male,30 Main St,UK
user551,last551,user551@example.com,0867189970,96880,pound,-3,95,female,25 High St,UK
user552,last552,user552@example.com,0862245473,31561,pound,3,27,female,42 Main St,USA
user553,last553,user553@example.com,0865176216,66160,dollar,3,77,male,9 Park St,Ireland
user554,last554,user554@example.com,0867139368,15691,dollar,-10,84,male,96 Park St,USA
user555,last555,user555@example.com,0868207599,21561,euro,8,85,male,98 Park St,Ireland
user556,last556,user556@example.com,0863698210,3582,euro,4,67,female,50 Maple St,UK
user557,last557,user557@example.com,0869134063,3607,euro,10,40,male,35 High St,USA
user558,last558,user558@example.com,0867879777,84571,dollar,-8,75,male,17 Main St,USA
user559,last559,user559@example.com,0860578928,34520,pound,-12,84,female,17 Maple St,USA
user560,last560,user560@example.com,0860176447,9130,pound,3,37,female,88 Maple St,Ireland
user561,last561,user561@example.com,0863009371,21708,pound,-12,92,female,33 High St,Ireland
user562,last562,user562@example.com,0860502600,32337,dollar,1,20,female,85 Park St,USA
user563,last563,user563@example.com,0869881972,10050,pound,-11,81,female,53 High St,Ireland
user564,last564,user564@example.com,0863635084,6171,dollar,11,21,female,19 Maple St,USA
user565,last565,user565@example.com,0863409034,19320,pound,8,25,male,90 Park St,Ireland
user566,last566,user566@example.com,0865358101,72132,euro,-3,21,male,21 High St,Ireland
user567,last567,user567@example.com,0869679538,70215,pound,2,28,male,95 Main St,Ireland
user568,last568,user568@example.com,0865834760,61780,dollar,2,21,female,69 Park St,USA
user569,last569,user569@example.com,0860318346,56973,pound,-7,18,female,6 High St,USA
user570,last570,user570@example.com,0863347318,19926,pound,5,81,female,21 High St,USA
user571,last571,user571@example.com,0863203763,52398,pound,-3,22,male,55 Main St,USA
user572,last572,user572@example.com,0864990387,30752,euro,8,76,male,91 Maple St,Ireland
user573,last573,user573@example.com,0868728491,896,dollar,1,84,female,2 Park St,Ireland
user574,last574,user574@example.com,0864290731,34667,dollar,6,43,female,97 Maple St,USA
user575,last575,user575@example.com,0864100872,46312,pound,-9,46,male,76 Maple St,USA
user576,last576,user576@example.com,0864226537,25727,pound,2,65,male,64 Main St,UK
user577,last577,user577@example.com,0869075541,32567,dollar,-1,68,female,19 High St,USA
user578,last578,user578@example.com,0862146162,67935,dollar,1,54,female,99 High St,USA
user579,last579,user579@example.com,0866678814,67745,euro,-12,45,male,78 Maple St,UK
user580,last580,user580@example.com,0863711700,45417,euro,-1,19,female,30 Park St,UK
user581,last581,user581@example.com,0864172144,1034,euro,2,29,female,28 Park St,Ireland
user582,last582,user582@example.com,0866659849,50069,pound,2,77,male,89 Maple St,UK
user583,last583,user583@example.com,0866328768,89826,euro,-3,69,female,8 Main St,Ireland
user584,last584,user584@example.com,0863472050,82731,euro,10,22,female,13 Maple St,UK
user585,last585,user585@example.com,0863371017,58629,dollar,-8,57,female,52 Main St,Ireland
user586,last586,user586@example.com,0869780434,18017,euro,5,65,female,22 Main St,USA
user587,last587,user587@example.com,0867002948,41030,pound,4,27,male,51 Main St,UK
user588,last588,user588@example.com,0869022901,29649,euro,8,94,male,1 Main St,UK
user589,last589,user589@example.com,0864326286,19502,pound,5,26,female,14 Park St,UK
user590,last590,user590@example.com,0866503450,15992,pound,-9,21,male,45 Maple St,UK
user591,last591,user591@example.com,0862604030,27326,dollar,-10,89,male,78 Maple St,UK
user592,last592,user592@example.com,0864461177,88034,dollar,-10,95,male,84 Maple St,Ireland
user593,last593,user593@example.com,0866500724,95433,euro,5,45,female,32 High St,UK
user594,last594,user594@example.com,0863503050,1256,pound,4,85,female,0 High St,Ireland
user595,last595,user595@example.com,0866190989,82955,euro,-1,68,male,46 High St,Ireland
user596,last596,user596@example.com,0864443820,17273,euro,7,77,male,60 Park St,Ireland
user597,last597,user597@example.com,0862503110,4841,dollar,-3,81,female,61 Maple St,Ireland
user598,last598,user598@example.com,0868086693,61064,pound,-10,42,male,57 Maple St,USA
user599,last599,user599@example.com,0861395327,8515,euro,-6,45,male,39 High St,USA
user600,last600,user600@example.com,0860054492,82355,dollar,-8,89,male,69 High St,UK
user601,last601,user601@example.com,0861576162,63108,pound,7,19,female,89 Main St,UK
user602,last602,user602@example.com,0862252501,24163,pound,7,71,male,39 Maple St,UK
user603,last603,user603@example.com,0860083735,74021,euro,9,64,female,88 Park St,UK
user604,last604,user604@example.com,0868727497,13643,pound,2,53,male,3 Maple St,USA
user605,last605,user605@example.com,0863270290,95983,dollar,-11,29,male,65 Park St,USA
user606,last606,user606@example.com,0863160244,56505,pound,-12,37,female,1 Maple St,USA
user607,last607,user607@example.com,0866656340,57451,pound,-5,30,female,4 Main St,Ireland
user608,last608,user608@example.com,0869778775,63665,euro,-8,79,male,32 Park St,UK
user609,last609,user609@example.com,0866232796,1510,pound,-5,36,male,59 Main St,USA
user610,last610,user610@example.com,0863603504,61438,dollar,11,65,female,89 Maple St,USA
user611,last611,user611@example.com,0862486337,15147,euro,-8,42,male,49 High St,UK
user612,last612,user612@example.com,0861673738,93267,euro,-2,33,male,92 Maple St,USA
user613,last613,user613@example.com,0868015185,29910,dollar,3,73,male,79 Main St,USA
user614,last614,user614@example.com,0865596105,86748,pound,-3,72,male,78 Park St,UK
user615,last615,user615@example.com,0866305090,31017,dollar,-9,62,male,73 Maple St,USA
user616,last616,user616@example.com,0864914085,25321,euro,-9,62,male,98 High St,Ireland
user617,last617,user617@example.com,0866450058,11370,euro,3,23,female,67 Maple St,Ireland
user618,last618,user618@example.com,0860682111,48039,dollar,6,45,female,88 High St,USA
user619,last619,user619@example.com,0863503226,88524,pound,-8,18,female,62 Main St,UK
user620,last620,user620@example.com,0862698803,17637,dollar,3,95,female,13 Park St,USA
user621,last621,user621@example.com,0868672852,30810,pound,-4,91,female,49 Park St,UK
user622,last622,user622@example.com,0860849957,89126,dollar,-9,82,male,82 Maple St,Ireland
user623,last623,user623@example.com,0868149540,71200,pound,-2,67,female,92 Maple St,Ireland
user624,last624,user624@example.com,0862880034,46484,pound,-4,39,female,84 Park St,USA
user625,last625,user625@example.com,0869031994,28408,dollar,2,67,male,66 Park St,UK
user626,last626,user626@example.com,0860018938,22931,pound,11,28,male,0 High St,UK
user627,last627,user627@example.com,0866954458,55702,euro,-3,66,female,36 Main St,UK
user628,last628,user628@example.com,0862048088,27138,dollar,-12,48,male,67 Park St,Ireland
user629,last629,user629@example.com,0864907781,32729,dollar,4,93,male,24 Park St,Ireland
user630,last630,user630@example.com,0861747672,54267,pound,-12,65,female,94 Park St,UK
user631,last631,user631@example.com,0864162876,74969,pound,3,84,female,32 Main St,USA
user632,last632,user632@example.com,0865573806,49769,euro,1,83,female,39 Park St,UK
user633,last633,user633@example.com,0869067035,89344,dollar,6,57,female,38 Maple St,UK
user634,last634,user634@example.com,0863424691,89498,dollar,2,95,female,79 High St,UK
user635,last635,user635@example.com,0869304401,68557,euro,3,26,male,45 High St,USA
user636,last636,user636@example.com,0869146878,87093,dollar,-2,36,male,28 Maple St,USA
user637,last637,user637@example.com,0868366671,28419,pound,-10,71,male,83 High St,Ireland
user638,last638,user638@example.com,0868380296,2765,pound,5,66,male,20 High St,Ireland
user639,last639,user639@example.com,0864845217,11259,dollar,-1,69,female,25 High St,Ireland
user640,last640,user640@example.com,0867328858,78832,pound,7,66,female,57 Main St,Ireland
user641,last641,user641@example.com,0868038679,33098,euro,5,61,male,88 Park St,UK
user642,last642,user642@example.com,0867386374,9416,dollar,10,76,male,78 Main St,Ireland
user643,last643,user643@example.com,0865709847,41502,euro,9,59,male,66 Park St,USA
user644,last644,user644@example.com,0868883253,1718,euro,-9,61,female,64 Park St,Ireland
user645,last645,user645@example.com,0866296211,72937,euro,2,20,female,77 High St,USA
user646,last646,user646@example.com,0865884711,61451,euro,7,46,female,66 Park St,UK
user647,last647,user647@example.com,0863970206,62478,euro,-12,51,female,98 Main St,Ireland
user648,last648,user648@example.com,0864641981,80495,pound,-8,94,female,43 Park St,Ireland
user649,last649,user649@example.com,0868130899,32460,euro,-5,27,male,69 High St,UK
user650,last650,user650@example.com,0867751840,71238,pound,5,45,female,88 High St,USA
user651,last651,user651@example.com,0864483089,15844,euro,-4,83,female,0 High St,USA
user652,last652,user652@example.com,0865641711,30859,pound,6,51,female,57 Main St,Ireland
user653,last653,user653@example.com,0866288947,3769,dollar,-2,28,female,70 Maple St,Ireland
user654,last654,user654@example.com,0867823808,68415,euro,8,41,male,8 High St,USA
user655,last655,user655@example.com,0865529809,25861,euro,3,90,male,92 Main St,UK
user656,last656,user656@example.com,0863309674,91831,pound,-2,42,male,82 Park St,USA
user657,last657,user657@example.com,0860499371,7071,euro,8,86,female,60 Main St,UK
user658,last658,user658@example.com,0860846464,67410,euro,-7,35,male,54 High St,UK
user659,last659,user659@example.com,0863979964,23557,euro,11,28,female,95 Main St,Ireland
user660,last660,user660@example.com,0864519237,12348,dollar,5,73,male,35 Main St,USA
user661,last661,user661@example.com,0865479495,96082,dollar,-2,95,female,21 Maple St,USA
user662,last662,user662@example.com,0862684254,21989,dollar,11,65,male,90 Main St,Ireland
user663,last663,user663@example.com,0869194161,72342,dollar,-2,56,male,72 Main St,UK
user664,last664,user664@example.com,0865346725,82312,dollar,10,41,male,18 Maple St,UK
user665,last665,user665@example.com,0868629280,50907,euro,5,22,male,79 Main St,Ireland
user666,last666,user666@example.com,0865922870,66143,euro,9,43,female,3 Main St,Ireland
user667,last667,user667@example.com,0868117224,87144,dollar,-7,44,female,52 High St,USA
user668,last668,user668@example.com,0864190799,41287,dollar,-7,31,female,79 Park St,Ireland
user669,last669,user669@example.com,0864754662,859,euro,-4,26,female,22 Park St,Ireland
user670,last670,user670@example.com,0860036169,9022,pound,-5,76,female,81 High St,UK
user671,last671,user671@example.com,0869676081,7511,pound,-8,93,female,57 Main St,USA
user672,last672,user672@example.com,0863426818,48560,pound,1,81,female,40 Maple St,USA
user673,last673,user673@example.com,0860318331,7996,pound,-3,55,female,24 Main St,Ireland
user674,last674,user674@example.com,0861214094,33457,dollar,4,22,female,21 Park St,Ireland
user675,last675,user675@example.com,0869360702,64071,dollar,-11,84,female,87 Park St,USA
user676,last676,user676@example.com,0865059922,86196,euro,-8,84,female,85 High St,USA
user677,last677,user677@example.com,0866732706,3240,euro,-2,89,male,97 Main St,Ireland
user678,last678,user678@example.com,0867755219,61331,dollar,1,35,female,29 Maple St,USA
user679,last679,user679@example.com,0867375995,35975,dollar,-6,65,male,95 Maple St,Ireland
user680,last680,user680@example.com,0867024490,19446,euro,0,58,female,77 Park St,UK
user681,last681,user681@example.com,0865989687,79028,pound,-1,40,male,98 Main St,USA
user682,last682,user682@example.com,0865036161,39136,pound,-11,49,female,25 High St,USA
user683,last683,user683@example.com,0863463476,39275,euro,-7,32,male,19 Park St,Ireland
user684,last684,user684@example.com,0865104265,69338,pound,8,92,male,57 Main St,Ireland
user685,last685,user685@example.com,0861491713,76534,euro,11,93,female,48 Main St,USA
user686,last686,user686@example.com,0865493583,13515,euro,6,73,male,11 Main St,USA
user687,last687,user687@example.com,0866842821,44633,dollar,-11,84,male,9 Maple St,USA
user688,last688,user688@example.com,0860809274,39054,euro,1,91,male,34 Main St,Ireland
user689,last689,user689@example.com,0860142557,58633,euro,1,87,female,23 High St,Ireland
user690,last690,user690@example.com,0867309636,48870,pound,-7,29,male,72 Maple St,Ireland
user691,last691,user691@example.com,0860976695,58608,euro,11,59,male,11 Main St,USA
user692,last692,user692@example.com,0862900066,81287,euro,0,20,male,10 Park St,UK
user693,last693,user693@example.com,0868554599,41649,dollar,7,82,female,16 Main St,USA
user694,last694,user694@example.com,0867330001,25485,dollar,4,96,female,43 High St,USA
user695,last695,user695@example.com,0864338088,83361,pound,11,33,female,59 Main St,UK
user696,last696,user696@example.com,0861134830,24367,euro,-3,60,male,31 Park St,Ireland
user697,last697,user697@example.com,0864167952,67641,dollar,-11,78,male,5 Park St,USA
user698,last698,user698@example.com,0861525109,39895,pound,-11,78,male,51 Park St,UK
user699,last699,user699@example.com,0866740030,13540,pound,-11,60,male,49 High St,Ireland
user700,last700,user700@example.com,0865541475,47461,dollar,7,94,female,52 Park St,Ireland
user701,last701,user701@example.com,0863876421,64485,euro,4,41,male,7 Maple St,Ireland
user702,last702,user702@example.com,0861244234,82360,dollar,11,39,female,57 Park St,Ireland
user703,last703,user703@example.com,0865032941,71998,euro,-2,44,female,30 High St,UK
user704,last704,user704@example.com,0869776894,33614,dollar,7,54,male,0 High St,USA
user705,last705,user705@example.com,0868210175,88842,pound,-10,58,female,61 Park St,Ireland
user706,last706,user706@example.com,0866364347,72286,dollar,-1,54,female,37 Maple St,UK
user707,last707,user707@example.com,0864093688,11997,euro,4,87,male,98 Main St,UK
user708,last708,user708@example.com,0869844931,86739,euro,6,95,male,29 High St,Ireland
user709,last709,user709@example.com,0864292311,32347,dollar,-6,64,male,45 High St,UK
user710,last710,user710@example.com,0869922091,45209,euro,-1,21,male,63 Maple St,USA
user711,last711,user711@example.com,0862400702,18939,pound,7,60,male,95 Park St,Ireland
user712,last712,user712@example.com,0867375225,28130,euro,-10,20,female,39 Park St,UK
user713,last713,user713@example.com,0869739690,33167,dollar,-8,82,male,89 High St,Ireland
user714,last714,user714@example.com,0864274908,39515,pound,5,77,male,77 Maple St,USA
user715,last715,user715@example.com,0862074646,77637,pound,-12,38,female,47 Maple St,Ireland
user716,last716,user716@example.com,0868056646,16860,dollar,6,74,male,6 High St,UK
user717,last717,user717@example.com,0864327042,56166,pound,-10,26,female,67 High St,Ireland
user718,last718,user718@example.com,0866687826,65547,euro,-6,64,male,19 High St,USA
user719,last719,user719@example.com,0863480868,714,euro,-7,82,female,25 Maple St,Ireland
user720,last720,user720@example.com,0863599680,96469,dollar,8,80,male,13 High St,Ireland
user721,last721,user721@example.com,0868651234,12169,dollar,-11,22,female,61 High St,UK
user722,last722,user722@example.com,0869853023,51972,dollar,-9,77,female,7 Maple St,USA
user723,last723,user723@example.com,0865822150,14921,dollar,0,19,female,24 Maple St,Ireland
user724,last724,user724@example.com,0863597874,93337,dollar,6,37,female,61 Park St,Ireland
user725,last725,user725@example.com,0861494501,4913,dollar,9,82,male,66 High St,USA
user726,last726,user726@example.com,0864236069,58504,euro,-4,65,male,81 Park St,Ireland
user727,last727,user727@example.com,0868739935,72730,pound,-2,92,female,15 Park St,Ireland
user728,last728,user728@example.com,0867573113,75620,euro,-7,76,male,25 High St,USA
user729,last729,user729@example.com,0862962817,58717,dollar,-2,92,male,84 High St,Ireland
user730,last730,user730@example.com,0866754462,39058,euro,2,41,female,24 Park St,UK
user731,last731,user731@example.com,0866621933,90866,pound,-3,60,male,24 High St,Ireland
user732,last732,user732@example.com,0865465478,58020,euro,10,89,male,4 High St,USA
user733,last733,user733@example.com,0868010242,42961,pound,6,46,female,12 Maple St,USA
user734,last734,user734@example.com,0865796413,6451,dollar,11,88,male,38 High St,Ireland
user735,last735,user735@example.com,0862644932,52575,pound,5,23,male,0 High St,Ireland
user736,last736,user736@example.com,0869655600,90986,dollar,3,52,male,63 Maple St,UK
user737,last737,user737@example.com,0861649808,67835,pound,-12,45,male,89 High St,UK
user738,last738,user738@example.com,0869816066,54583,dollar,-1,69,male,83 High St,Ireland
user739,last739,user739@example.com,0863349694,95206,euro,4,71,male,62 Park St,UK
user740,last740,user740@example.com,0866860503,28880,pound,-11,86,female,91 Park St,Ireland
user741,last741,user741@example.com,0861452195,43514,euro,3,67,female,81 Maple St,Ireland
user742,last742,user742@example.com,0869962790,64950,dollar,-1,50,male,9 High St,USA
user743,last743,user743@example.com,0862947282,30955,dollar,-6,88,female,29 High St,USA
user744,last744,user744@example.com,0867194096,16545,pound,7,91,male,96 High St,Ireland
user745,last745,user745@example.com,0865493217,80271,pound,-12,51,male,40 Park St,USA
user746,last746,user746@example.com,0866924093,84030,pound,11,51,male,3 Main St,Ireland
user747,last747,user747@example.com,0865470590,16564,pound,1,50,male,66 Maple St,USA
user748,last748,user748@example.com,0868329608,60582,dollar,-8,89,female,27 Main St,USA
user749,last749,user749@example.com,0862512446,85235,dollar,0,96,female,49 Park St,UK
user750,last750,user750@example.com,0860074447,91747,dollar,0,93,male,95 Park St,UK
user751,last751,user751@example.com,0862251923,13961,euro,6,53,female,66 Park St,UK
user752,last752,user752@example.com,0865049096,46163,euro,-4,66,male,87 High St,UK
user753,last753,user753@example.com,0867949749,59974,dollar,-12,42,female,71 High St,Ireland
user754,last754,user754@example.com,0863945918,43742,euro,-3,40,male,55 High St,USA
user755,last755,user755@example.com,0863518637,39065,dollar,-12,94,male,94 Maple St,USA
user756,last756,user756@example.com,0868987689,71813,euro,-10,88,male,78 Maple St,USA
user757,last757,user757@example.com,0867366778,91780,dollar,4,55,female,65 High St,UK
user758,last758,user758@example.com,0867352376,94710,pound,0,92,male,91 Maple St,Ireland
user759,last759,user759@example.com,0862002547,94345,euro,-2,90,male,10 Main St,UK
user760,last760,user760@example.com,0866678654,70958,pound,-7,39,female,78 Park St,Ireland
user761,last761,user761@example.com,0867635257,640,pound,5,66,male,12 Park St,Ireland
user762,last762,user762@example.com,0869263462,31600,pound,-4,29,male,26 Main St,USA
user763,last763,user763@example.com,0862056836,63224,euro,-2,94,male,62 Maple St,Ireland
user764,last764,user764@example.com,0868254340,1523,euro,5,77,male,27 Main St,USA
user765,last765,user765@example.com,0866073050,15257,pound,10,41,female,8 Park St,Ireland
user766,last766,user766@example.com,0868486405,58158,pound,-5,23,male,18 Park St,Ireland
user767,last767,user767@example.com,0860465306,73399,dollar,10,97,male,28 High St,UK
user768,last768,user768@example.com,0865360916,86416,pound,-1,71,female,36 Park St,USA
user769,last769,user769@example.com,0862104554,74334,euro,8,58,female,14 Maple St,USA
user770,last770,user770@example.com,0861913141,87715,dollar,-12,54,male,80 Main St,USA
user771,last771,user771@example.com,0866087092,47658,pound,10,59,female,10 Maple St,Ireland
user772,last772,user772@example.com,0863317542,24079,euro,2,56,female,4 Maple St,USA
user773,last773,user773@example.com,0869076335,16919,pound,-2,23,male,27 Park St,UK
user774,last774,user774@example.com,0865256923,20064,euro,10,44,male,66 Park St,Ireland
user775,last775,user775@example.com,0867092494,26155,dollar,-10,49,female,93 Main St,Ireland
user776,last776,user776@example.com,0867849440,26420,dollar,5,49,female,97 High St,USA
user777,last777,user777@example.com,0863342957,12873,dollar,-2,29,male,48 Park St,Ireland
user778,last778,user778@example.com,0869832810,73680,pound,2,51,male,33 Main St,UK
user779,last779,user779@example.com,0865594050,27845,dollar,0,66,female,72 Park St,Ireland
user780,last780,user780@example.com,0862684133,98699,dollar,-2,75,male,40 Maple St,UK
user781,last781,user781@example.com,0864848394,31470,pound,-10,92,male,51 High St,Ireland
user782,last782,user782@example.com,0868420001,65353,euro,8,64,female,37 Maple St,Ireland
user783,last783,user783@example.com,0866025877,97492,pound,-4,81,male,48 High St,UK
user784,last784,user784@example.com,0861371835,46032,pound,-7,64,male,71 High St,Ireland
user785,last785,user785@example.com,0868853128,98072,euro,-6,57,female,11 Park St,UK
user786,last786,user786@example.com,0869397835,92126,pound,8,83,male,27 Park St,UK
user787,last787,user787@example.com,0865340505,37326,dollar,1,89,male,85 Main St,Ireland
user788,last788,user788@example.com,0861699513,88943,dollar,1,88,male,3 Main St,USA
user789,last789,user789@example.com,0864412382,80120,pound,-10,58,male,56 High St,Ireland
user790,last790,user790@example.com,0864160464,39524,pound,4,97,male,66 Main St,Ireland
user791,last791,user791@example.com,0868618781,33041,pound,-11,50,male,16 Maple St,UK
user792,last792,user792@example.com,0866194280,58842,euro,-3,20,female,97 Park St,UK
user793,last793,user793@example.com,0864298113,61068,dollar,-1,55,female,5 High St,USA
user794,last794,user794@example.com,0865033224,62250,pound,1,19,female,73 Maple St,Ireland
user795,last795,user795@example.com,0868596771,9424,pound,10,26,female,71 Park St,USA
user796,last796,user796@example.com,0865045438,78738,dollar,3,42,male,96 Maple St,USA
user797,last797,user797@example.com,0867846070,43845,pound,6,71,male,91 Park St,USA
user798,last798,user798@example.com,0860512529,25246,euro,-11,81,female,35 Main St,USA
user799,last799,user799@example.com,0861472379,53816,dollar,2,97,male,53 Maple St,USA
user800,last800,user800@example.com,0863681130,66680,pound,-11,92,female,27 High St,Ireland
user801,last801,user801@example.com,0862970798,76765,pound,2,37,male,85 High St,UK
user802,last802,user802@example.com,0863385172,47948,dollar,-10,76,male,67 Maple St,UK
user803,last803,user803@example.com,0869712842,44590,pound,7,71,female,85 Main St,USA
user804,last804,user804@example.com,0869045867,53217,euro,-3,72,female,51 High St,UK
user805,last805,user805@example.com,0864481666,10945,euro,-11,51,male,95 Maple St,Ireland
user806,last806,user806@example.com,0867534649,36045,pound,-10,31,female,18 High St,USA
user807,last807,user807@example.com,0868208938,53545,euro,-1,18,male,0 Maple St,USA
user808,last808,user808@example.com,0860473434,39622,pound,-12,61,female,83 Maple St,Ireland
user809,last809,user809@example.com,0863845722,64494,euro,2,89,male,39 Maple St,USA
user810,last810,user810@example.com,0861603220,80785,dollar,-9,94,female,72 Main St,UK
user811,last811,user811@example.com,0869731376,18306,euro,5,71,female,22 Main St,Ireland
user812,last812,user812@example.com,0866249098,83997,euro,-12,31,female,57 Main St,UK
user813,last813,user813@example.com,0867784714,21486,pound,0,73,female,33 Maple St,USA
user814,last814,user814@example.com,0868603572,25497,dollar,-1,29,female,67 Maple St,USA
user815,last815,user815@example.com,0860287436,93377,pound,5,55,female,14 High St,UK
user816,last816,user816@example.com,0865178597,48430,euro,3,84,male,29 Park St,Ireland
user817,last817,user817@example.com,0860598266,31955,pound,7,67,female,57 Park St,UK
user818,last818,user818@example.com,0864897126,80885,pound,-6,66,female,51 High St,UK
user819,last819,user819@example.com,0868344500,61585,pound,-8,32,female,36 High St,UK
user820,last820,user820@example.com,0868182125,23605,euro,-8,18,male,29 Park St,USA
user821,last821,user821@example.com,0865003341,65184,dollar,7,36,male,51 Maple St,UK
user822,last822,user822@example.com,0867359906,7355,pound,8,77,male,2 Main St,Ireland
user823,last823,user823@example.com,0868922367,6805,dollar,4,31,male,53 High St,Ireland
user824,last824,user824@example.com,0865387033,34641,dollar,0,76,male,71 Maple St,UK
user825,last825,user825@example.com,0868290123,31087,pound,7,67,female,62 High St,USA
user826,last826,user826@example.com,0861172917,61205,euro,-11,30,male,25 Park St,UK
user827,last827,user827@example.com,0869045015,15121,dollar,9,72,male,64 Main St,UK
user828,last828,user828@example.com,0864755553,85241,pound,3,46,female,5 Main St,USA
user829,last829,user829@example.com,0861673296,42777,dollar,7,80,male,42 Maple St,USA
user830,last830,user830@example.com,0869080165,93676,dollar,2,20,female,91 Park St,USA
user831,last831,user831@example.com,0867257216,50095,dollar,9,87,male,53 High St,USA
user832,last832,user832@example.com,0866699171,6485,pound,6,77,male,64 High St,Ireland
user833,last833,user833@example.com,0862091430,50301,pound,0,44,male,9 Park St,UK
user834,last834,user834@example.com,0865869052,22580,dollar,2,33,female,5 Park St,UK
user835,last835,user835@example.com,0862490078,31637,pound,11,77,female,36 High St,UK
user836,last836,user836@example.com,0863516835,2656,dollar,-9,29,male,55 Main St,USA
user837,last837,user837@example.com,0863386819,35947,euro,10,67,female,67 Park St,USA
user838,last838,user838@example.com,0860475798,52363,euro,-1,63,male,51 High St,USA
user839,last839,user839@example.com,0862288299,92828,pound,0,55,male,6 Maple St,Ireland
user840,last840,user840@example.com,0869909445,70377,pound,11,72,female,91 High St,Ireland
user841,last841,user841@example.com,0862024496,69856,dollar,-4,85,male,27 Park St,Ireland
user842,last842,user842@example.com,0867637183,19553,pound,5,20,female,90 Main St,UK
user843,last843,user843@example.com,0866034773,25042,pound,9,65,male,41 Maple St,Ireland
user844,last844,user844@example.com,0868869985,42319,pound,1,89,female,99 High St,Ireland
user845,last845,user845@example.com,0860617208,532,pound,6,66,female,68 High St,UK
user846,last846,user846@example.com,0860511591,20994,dollar,1,30,female,27 Main St,Ireland
user847,last847,user847@example.com,0866935761,76060,dollar,-9,21,female,24 High St,UK
user848,last848,user848@example.com,0862766900,23867,euro,0,49,male,15 Park St,Ireland
user849,last849,user849@example.com,0862895373,15899,euro,-10,71,female,5 Main St,USA
user850,last850,user850@example.com,0869116377,93584,dollar,0,36,female,67 High St,USA
user851,last851,user851@example.com,0862740276,76689,pound,0,71,female,83 Park St,UK
user852,last852,user852@example.com,0869636863,89278,dollar,10,45,male,72 High St,Ireland
user853,last853,user853@example.com,0867091847,42441,euro,-2,44,male,47 High St,USA
user854,last854,user854@example.com,0863753746,68193,pound,0,29,male,54 Main St,Ireland
user855,last855,user855@example.com,0869525867,19712,euro,-11,47,female,85 Main St,USA
user856,last856,user856@example.com,0866577223,22376,euro,-8,33,male,47 Main St,USA
user857,last857,user857@example.com,0867403622,16202,pound,6,21,female,55 Main St,Ireland
user858,last858,user858@example.com,0864169004,54815,dollar,9,81,male,90 High St,UK
user859,last859,user859@example.com,0862601849,32672,euro,-11,37,female,64 High St,UK
user860,last860,user860@example.com,0868440794,63963,pound,10,66,male,74 Maple St,UK
user861,last861,user861@example.com,0865040350,41891,dollar,10,63,female,17 Park St,Ireland
user862,last862,user862@example.com,0869226850,22315,euro,-7,27,male,86 Maple St,Ireland
user863,last863,user863@example.com,0866775799,93212,dollar,-12,64,male,16 Park St,Ireland
user864,last864,user864@example.com,0865118444,1449,dollar,9,43,female,34 High St,USA
user865,last865,user865@example.com,0867551890,7572,pound,-6,80,female,13 Main St,Ireland
user866,last866,user866@example.com,0867049549,36800,pound,3,86,male,51 Main St,USA
user867,last867,user867@example.com,0860906281,33770,dollar,-1,45,female,86 Main St,Ireland
user868,last868,user868@example.com,0860015770,21742,euro,11,50,female,8 High St,USA
user869,last869,user869@example.com,0860521233,46706,dollar,-3,83,female,39 Maple St,Ireland
user870,last870,user870@example.com,0863612103,45224,euro,-12,87,male,6 Park St,UK
user871,last871,user871@example.com,0865149060,7219,dollar,4,64,female,8 Maple St,USA
user872,last872,user872@example.com,0865563283,15295,euro,0,79,male,61 Maple St,USA
user873,last873,user873@example.com,0861036771,12629,dollar,-3,76,female,6 Park St,UK
user874,last874,user874@example.com,0861194009,35249,dollar,-2,59,female,14 Park St,Ireland
user875,last875,user875@example.com,0869616088,7699,euro,-6,32,female,15 Main St,UK
user876,last876,user876@example.com,0862688794,58007,pound,9,89,female,9 Park St,UK
user877,last877,user877@example.com,0869992378,15627,pound,6,18,female,79 Main St,USA
user878,last878,user878@example.com,0861855264,47712,pound,-8,35,female,55 Maple St,UK
user879,last879,user879@example.com,0866190382,74704,euro,0,77,male,6 High St,USA
user880,last880,user880@example.com,0868273634,27977,pound,-9,81,female,21 Main St,Ireland
user881,last881,user881@example.com,0865216021,13576,pound,-12,55,male,62 Park St,USA
user882,last882,user882@example.com,0862233639,83705,dollar,0,50,female,58 Park St,UK
user883,last883,user883@example.com,0862399357,4905,pound,-12,30,male,63 Main St,UK
user884,last884,user884@example.com,0861593828,39927,dollar,-7,19,female,76 Maple St,Ireland
user885,last885,user885@example.com,0862849061,49316,pound,10,87,female,78 Maple St,Ireland
user886,last886,user886@example.com,0868418801,10483,dollar,2,80,male,32 Park St,Ireland
user887,last887,user887@example.com,0868577713,91013,pound,-4,88,female,57 Park St,USA
user888,last888,user888@example.com,0861515132,43401,pound,-10,94,female,53 High St,Ireland
user889,last889,user889@example.com,0865514677,35549,dollar,-3,83,male,61 Park St,USA
user890,last890,user890@example.com,0868774482,22388,dollar,-2,32,male,8 Main St,USA
user891,last891,user891@example.com,0868176047,41023,euro,7,76,male,64 Park St,UK
user892,last892,user892@example.com,0860093059,3798,dollar,3,73,female,2 Main St,USA
user893,last893,user893@example.com,0860427691,38511,euro,-10,32,female,65 Maple St,UK
user894,last894,user894@example.com,0863827350,90872,dollar,10,50,male,96 Main St,USA
user895,last895,user895@example.com,0861063243,22382,dollar,8,33,male,87 Maple St,UK
user896,last896,user896@example.com,0866735752,92449,pound,-10,60,female,4 Maple St,USA
user897,last897,user897@example.com,0863420937,89821,dollar,7,72,male,39 Park St,USA
user898,last898,user898@example.com,0863644426,87522,euro,-7,28,male,19 High St,USA
user899,last899,user899@example.com,0862466784,16554,dollar,-4,78,female,37 Park St,USA
user900,last900,user900@example.com,0866146947,7161,pound,1,55,male,54 Maple St,USA
user901,last901,user901@example.com,0860467997,70023,euro,0,89,female,41 Maple St,Ireland
user902,last902,user902@example.com,0869285445,71523,euro,-2,65,female,49 Park St,Ireland
user903,last903,user903@example.com,0864216339,90428,dollar,-6,86,female,17 Main St,UK
user904,last904,user904@example.com,0866579801,86832,dollar,7,76,male,61 Main St,UK
user905,last905,user905@example.com,0868565327,19262,euro,-12,75,male,25 Maple St,UK
user906,last906,user906@example.com,0864277371,6638,euro,2,84,female,84 Maple St,USA
user907,last907,user907@example.com,0867434793,700,euro,-11,69,male,65 Main St,Ireland
user908,last908,user908@example.com,0860919498,19423,pound,6,40,female,13 Park St,USA
user909,last909,user909@example.com,0865968449,21075,euro,7,43,female,42 Main St,USA
user910,last910,user910@example.com,0861272270,96621,pound,-1,26,female,84 Maple St,UK
user911,last911,user911@example.com,0865496631,68280,dollar,5,64,male,80 Maple St,Ireland
user912,last912,user912@example.com,0869547609,82922,pound,-5,42,male,33 Main St,UK
user913,last913,user913@example.com,0866609384,1419,euro,-1,78,female,23 Maple St,Ireland
user914,last914,user914@example.com,0860757448,7370,euro,2,96,female,18 Park St,Ireland
user915,last915,user915@example.com,0864323506,61863,pound,-5,64,female,3 Park St,Ireland
user916,last916,user916@example.com,0865328281,35879,dollar,-7,80,female,71 Main St,UK
user917,last917,user917@example.com,0868889829,28088,euro,10,71,male,44 Park St,UK
user918,last918,user918@example.com,0868907377,45025,pound,1,88,male,58 High St,USA
user919,last919,user919@example.com,0862915884,28852,pound,-1,42,male,61 High St,USA
user920,last920,user920@example.com,0862049944,5531,dollar,11,31,male,38 Park St,UK
user921,last921,user921@example.com,0860056471,66846,pound,7,36,male,18 Maple St,Ireland
user922,last922,user922@example.com,0862529002,363,dollar,-2,95,male,23 Maple St,Ireland
user923,last923,user923@example.com,0866076732,12934,dollar,5,25,male,96 High St,Ireland
user924,last924,user924@example.com,0867314939,46772,pound,-2,70,female,38 Main St,UK
user925,last925,user925@example.com,0863727969,10926,pound,1,46,female,77 High St,USA
user926,last926,user926@example.com,0869225029,44074,pound,-1,24,female,55 Park St,UK
user927,last927,user927@example.com,0861376196,51006,dollar,-12,93,male,41 Park St,Ireland
user928,last928,user928@example.com,0862258462,17856,pound,6,53,male,14 Main St,USA
user929,last929,user929@example.com,0868444489,60788,pound,10,84,male,1 Park St,USA
user930,last930,user930@example.com,0861980196,579,dollar,7,22,female,88 Maple St,UK
user931,last931,user931@example.com,0866560534,45039,euro,0,95,male,58 High St,Ireland
user932,last932,user932@example.com,0862189323,17286,euro,8,26,female,50 High St,Ireland
user933,last933,user933@example.com,0861831551,32834,dollar,6,28,female,69 Park St,UK
user934,last934,user934@example.com,0861026255,40778,pound,4,70,female,20 High St,Ireland
user935,last935,user935@example.com,0862426515,23651,euro,-3,40,male,94 Park St,Ireland
user936,last936,user936@example.com,0869341312,48834,euro,2,62,male,14 High St,UK
user937,last937,user937@example.com,0862959198,35724,dollar,-12,92,male,55 Park St,USA
user938,last938,user938@example.com,0860537960,11252,dollar,1,37,male,24 High St,Ireland
user939,last939,user939@example.com,0867643831,47948,dollar,9,76,female,73 Main St,Ireland
user940,last940,user940@example.com,0865055070,6077,euro,-1,60,female,70 Main St,USA
user941,last941,user941@example.com,0865624383,3941,dollar,-12,78,female,95 Park St,UK
user942,last942,user942@example.com,0863778966,96953,dollar,1,43,female,30 Main St,UK
user943,last943,user943@example.com,0866602163,1209,dollar,-3,50,male,99 Main St,USA
user944,last944,user944@example.com,0869688784,68938,pound,-8,58,male,9 High St,UK
user945,last945,user945@example.com,0860063464,50175,dollar,7,88,female,5 Park St,USA
user946,last946,user946@example.com,0860402143,40895,dollar,10,21,female,35 High St,UK
user947,last947,user947@example.com,0863871181,59548,dollar,-9,32,female,25 Maple St,Ireland
user948,last948,user948@example.com,0868161169,33064,pound,6,77,female,79 High St,Ireland
user949,last949,user949@example.com,0860942073,82218,dollar,-11,69,male,55 High St,UK
user950,last950,user950@example.com,0865055079,4525,pound,1,84,male,27 Park St,UK
user951,last951,user951@example.com,0862698315,86630,dollar,0,48,female,67 Park St,Ireland
user952,last952,user952@example.com,0869410737,71504,dollar,-9,21,female,83 Park St,USA
user953,last953,user953@example.com,0861531229,51555,dollar,-2,73,female,45 Park St,Ireland
user954,last954,user954@example.com,0866405203,50405,dollar,-8,52,male,53 High St,Ireland
user955,last955,user955@example.com,0869863478,61169,dollar,-1,93,female,88 Main St,UK
user956,last956,user956@example.com,0864708293,95699,dollar,-9,19,female,79 Maple St,UK
user957,last957,user957@example.com,0865726771,23543,dollar,-9,83,male,95 Maple St,UK
user958,last958,user958@example.com,0860612380,14636,euro,11,19,female,49 Park St,UK
user959,last959,user959@example.com,0867037034,77518,pound,6,42,female,70 Main St,Ireland
user960,last960,user960@example.com,0863313489,59973,dollar,1,18,male,98 Main St,USA
user961,last961,user961@example.com,0866984443,84424,dollar,8,93,male,41 Main St,UK
user962,last962,user962@example.com,0861445811,73924,pound,-9,95,male,86 Maple St,USA
user963,last963,user963@example.com,0866543732,33639,dollar,-3,69,female,51 High St,USA
user964,last964,user964@example.com,0867393171,89592,dollar,-1,26,female,47 Maple St,UK
user965,last965,user965@example.com,0867529952,72837,dollar,4,64,female,44 Park St,Ireland
user966,last966,user966@example.com,0868974093,89107,euro,1,26,male,47 Park St,Ireland
user967,last967,user967@example.com,0869821052,29515,dollar,-9,25,female,72 High St,USA
user968,last968,user968@example.com,0867097426,56014,pound,-8,50,female,34 Park St,UK
user969,last969,user969@example.com,0867173239,73294,dollar,-8,71,male,91 Maple St,UK
user970,last970,user970@example.com,0865843177,29295,pound,-12,26,male,49 Main St,Ireland
user971,last971,user971@example.com,0865255898,60368,pound,-7,32,male,39 Main St,UK
user972,last972,user972@example.com,0867630511,63808,euro,-1,42,male,58 Main St,Ireland
user973,last973,user973@example.com,0866700193,48343,pound,6,39,male,14 Maple St,USA
user974,last974,user974@example.com,0864906689,76225,euro,-11,40,female,83 Main St,Ireland
user975,last975,user975@example.com,0862252152,80981,euro,-1,92,male,67 Main St,UK
user976,last976,user976@example.com,0862448768,64589,dollar,8,87,female,56 High St,UK
user977,last977,user977@example.com,0863242452,40942,dollar,-12,30,female,85 Park St,Ireland
user978,last978,user978@example.com,0860749225,2227,dollar,-10,84,male,63 Maple St,USA
user979,last979,user979@example.com,0864766606,10552,dollar,-8,93,male,65 High St,USA
user980,last980,user980@example.com,0866861711,65575,euro,11,59,female,12 Main St,USA
user981,last981,user981@example.com,0866058880,58362,euro,3,27,female,71 Main St,Ireland
user982,last982,user982@example.com,0869778472,96301,dollar,-5,81,female,2 Maple St,USA
user983,last983,user983@example.com,0864235303,74924,euro,-6,57,female,32 Main St,UK
user984,last984,user984@example.com,0862868256,36428,euro,-1,50,male,87 High St,USA
user985,last985,user985@example.com,0864031011,82396,euro,-2,61,female,33 Park St,USA
user986,last986,user986@example.com,0869700632,67274,dollar,5,71,female,52 High St,UK
user987,last987,user987@example.com,0863147897,54778,pound,8,61,male,42 Maple St,Ireland
user988,last988,user988@example.com,0867781129,66630,pound,4,42,female,79 High St,Ireland
user989,last989,user989@example.com,0864779701,40606,dollar,4,20,female,80 Main St,USA
user990,last990,user990@example.com,0862289908,6681,dollar,-2,36,male,33 Park St,UK
user991,last991,user991@example.com,0866249601,756,dollar,1,71,female,77 Main St,Ireland
user992,last992,user992@example.com,0860834495,34330,pound,0,37,male,18 Main St,USA
user993,last993,user993@example.com,0862164396,18149,dollar,7,64,female,41 Main St,USA
user994,last994,user994@example.com,0864497270,20756,pound,0,68,female,22 Park St,UK
user995,last995,user995@example.com,0864189623,2154,dollar,-6,95,male,85 Park St,UK
user996,last996,user996@example.com,0864402406,39533,dollar,5,70,male,50 Park St,Ireland
user997,last997,user997@example.com,0868642350,27576,euro,-11,86,male,27 Park St,UK
user998,last998,user998@example.com,0863770378,53851,euro,-11,58,female,54 Main St,Ireland
user999,last999,user999@example.com,0868732667,18462,euro,3,60,male,74 Park St,Ireland
user1000,last1000,user1000@example.com,0864367595,20331,euro,3,45,female,62 Park St,USA
